{"cameraMode":{"drawMode":0,"name":"Shaded","section":"Shading Mode"},"sceneLighting":true,"audioPlay":false,"sceneViewState":{"showFog":true,"showMaterialUpdate":false,"showSkybox":true,"showFlares":true,"showImageEffects":true,"showParticleSystems":true},"in2DMode":false,"pivot":{"x":3.9070422649383547,"y":0.5956127643585205,"z":5.762798309326172},"rotation":{"x":0.16483043134212495,"y":0.3291154205799103,"z":-0.05854281038045883,"w":0.9280422329902649},"size":10.68115520477295,"orthographic":false}