{"cameraMode":{"drawMode":0,"name":"Shaded","section":"Shading Mode"},"sceneLighting":false,"audioPlay":false,"sceneViewState":{"showFog":true,"showMaterialUpdate":false,"showSkybox":false,"showFlares":true,"showImageEffects":true,"showParticleSystems":true},"in2DMode":false,"pivot":{"x":-0.2199999988079071,"y":1.2300000190734864,"z":-4.554999828338623},"rotation":{"x":-0.2525860369205475,"y":0.10193043947219849,"z":-0.02684793807566166,"w":-0.9618709683418274},"size":4.225980281829834,"orthographic":false}